"No.","Time","Source","Destination","Protocol","Length","Info"
"1","0.000000","10.152.152.11","5.9.28.6","TCP","171","56283  >  5222 [PSH, ACK] Seq=1 Ack=1 Win=4920 Len=117 [TCP segment of a reassembled PDU]"
"2","0.000020","5.9.28.6","10.152.152.11","TCP","60","5222  >  56283 [ACK] Seq=1 Ack=118 Win=2640 Len=0"
"3","0.204318","5.9.28.6","10.152.152.11","TCP","219","5222  >  56283 [PSH, ACK] Seq=1 Ack=118 Win=2640 Len=165 [TCP segment of a reassembled PDU]"
"4","0.204339","10.152.152.11","5.9.28.6","TCP","54","56283  >  5222 [ACK] Seq=118 Ack=166 Win=4920 Len=0"
"5","5.013124","PcsCompu_11:4d:b1","PcsCompu_78:57:ca","ARP","42","Who has 10.152.152.10? Tell 10.152.152.11"
"6","5.013452","PcsCompu_78:57:ca","PcsCompu_11:4d:b1","ARP","60","10.152.152.10 is at 08:00:27:78:57:ca"
"7","24.375209","10.152.152.11","5.9.28.6","TCP","235","56283  >  5222 [PSH, ACK] Seq=118 Ack=166 Win=4920 Len=181 [TCP segment of a reassembled PDU]"
"8","24.376997","5.9.28.6","10.152.152.11","TCP","60","5222  >  56283 [ACK] Seq=166 Ack=299 Win=2640 Len=0"
"9","24.599468","5.9.28.6","10.152.152.11","TCP","315","5222  >  56283 [PSH, ACK] Seq=166 Ack=299 Win=2640 Len=261 [TCP segment of a reassembled PDU]"
"10","24.599495","10.152.152.11","5.9.28.6","TCP","54","56283  >  5222 [ACK] Seq=299 Ack=427 Win=4920 Len=0"
"11","37.455339","5.9.28.6","10.152.152.11","TCP","459","5222  >  56283 [PSH, ACK] Seq=427 Ack=299 Win=2640 Len=405 [TCP segment of a reassembled PDU]"
"12","37.455363","10.152.152.11","5.9.28.6","TCP","54","56283  >  5222 [ACK] Seq=299 Ack=832 Win=4920 Len=0"
"13","90.000473","10.152.152.11","5.9.28.6","TCP","171","56283  >  5222 [PSH, ACK] Seq=299 Ack=832 Win=4920 Len=117 [TCP segment of a reassembled PDU]"
"14","90.001276","5.9.28.6","10.152.152.11","TCP","60","5222  >  56283 [ACK] Seq=832 Ack=416 Win=2640 Len=0"
"15","90.209447","5.9.28.6","10.152.152.11","TCP","219","5222  >  56283 [PSH, ACK] Seq=832 Ack=416 Win=2640 Len=165 [TCP segment of a reassembled PDU]"
"16","90.209536","10.152.152.11","5.9.28.6","TCP","54","56283  >  5222 [ACK] Seq=416 Ack=997 Win=4920 Len=0"
"17","94.342553","10.152.152.11","5.9.28.6","TCP","459","56283  >  5222 [PSH, ACK] Seq=416 Ack=997 Win=4920 Len=405 [TCP segment of a reassembled PDU]"
"18","94.343670","5.9.28.6","10.152.152.11","TCP","60","5222  >  56283 [ACK] Seq=997 Ack=821 Win=2640 Len=0"
"19","94.542769","5.9.28.6","10.152.152.11","TCP","539","5222  >  56283 [PSH, ACK] Seq=997 Ack=821 Win=2640 Len=485 [TCP segment of a reassembled PDU]"
"20","94.542790","10.152.152.11","5.9.28.6","TCP","54","56283  >  5222 [ACK] Seq=821 Ack=1482 Win=4920 Len=0"
"21","104.146482","5.9.28.6","10.152.152.11","TCP","552","5222  >  56283 [PSH, ACK] Seq=1482 Ack=821 Win=2640 Len=498 [TCP segment of a reassembled PDU]"
"22","104.146532","10.152.152.11","5.9.28.6","TCP","54","56283  >  5222 [ACK] Seq=821 Ack=1980 Win=4920 Len=0"
"23","104.336378","5.9.28.6","10.152.152.11","TCP","505","5222  >  56283 [PSH, ACK] Seq=1980 Ack=821 Win=2640 Len=451 [TCP segment of a reassembled PDU]"
"24","104.336398","10.152.152.11","5.9.28.6","TCP","54","56283  >  5222 [ACK] Seq=821 Ack=2431 Win=4920 Len=0"
"25","113.018055","10.152.152.11","5.9.28.6","TCP","459","56283  >  5222 [PSH, ACK] Seq=821 Ack=2431 Win=4920 Len=405 [TCP segment of a reassembled PDU]"
"26","113.018942","5.9.28.6","10.152.152.11","TCP","60","5222  >  56283 [ACK] Seq=2431 Ack=1226 Win=2640 Len=0"
"27","113.244366","5.9.28.6","10.152.152.11","TCP","539","5222  >  56283 [PSH, ACK] Seq=2431 Ack=1226 Win=2640 Len=485 [TCP segment of a reassembled PDU]"
"28","113.244386","10.152.152.11","5.9.28.6","TCP","54","56283  >  5222 [ACK] Seq=1226 Ack=2916 Win=4920 Len=0"
"29","127.481468","5.9.28.6","10.152.152.11","TCP","539","5222  >  56283 [PSH, ACK] Seq=2916 Ack=1226 Win=2640 Len=485 [TCP segment of a reassembled PDU]"
"30","127.481490","10.152.152.11","5.9.28.6","TCP","54","56283  >  5222 [ACK] Seq=1226 Ack=3401 Win=4920 Len=0"
"31","133.070002","10.152.152.11","5.9.28.6","TCP","459","56283  >  5222 [PSH, ACK] Seq=1226 Ack=3401 Win=4920 Len=405 [TCP segment of a reassembled PDU]"
"32","133.071399","5.9.28.6","10.152.152.11","TCP","60","5222  >  56283 [ACK] Seq=3401 Ack=1631 Win=2640 Len=0"
"33","133.504248","5.9.28.6","10.152.152.11","TCP","539","5222  >  56283 [PSH, ACK] Seq=3401 Ack=1631 Win=2640 Len=485 [TCP segment of a reassembled PDU]"
"34","133.504273","10.152.152.11","5.9.28.6","TCP","54","56283  >  5222 [ACK] Seq=1631 Ack=3886 Win=4920 Len=0"
"35","135.950645","10.152.152.11","5.9.28.6","TCP","459","56283  >  5222 [PSH, ACK] Seq=1631 Ack=3886 Win=4920 Len=405 [TCP segment of a reassembled PDU]"
"36","135.952292","5.9.28.6","10.152.152.11","TCP","60","5222  >  56283 [ACK] Seq=3886 Ack=2036 Win=2640 Len=0"
"37","137.286667","5.9.28.6","10.152.152.11","TCP","539","5222  >  56283 [PSH, ACK] Seq=3886 Ack=2036 Win=2640 Len=485 [TCP segment of a reassembled PDU]"
"38","137.286691","10.152.152.11","5.9.28.6","TCP","54","56283  >  5222 [ACK] Seq=2036 Ack=4371 Win=4920 Len=0"
"39","139.829154","5.9.28.6","10.152.152.11","TCP","552","5222  >  56283 [PSH, ACK] Seq=4371 Ack=2036 Win=2640 Len=498 [TCP segment of a reassembled PDU]"
"40","139.829223","10.152.152.11","5.9.28.6","TCP","54","56283  >  5222 [ACK] Seq=2036 Ack=4869 Win=4920 Len=0"
"41","140.017915","5.9.28.6","10.152.152.11","TCP","297","5222  >  56283 [PSH, ACK] Seq=4869 Ack=2036 Win=2640 Len=243 [TCP segment of a reassembled PDU]"
"42","140.017937","10.152.152.11","5.9.28.6","TCP","54","56283  >  5222 [ACK] Seq=2036 Ack=5112 Win=4920 Len=0"
"43","148.289949","10.152.152.11","10.152.152.10","DNS","69","Standard query 0xcaff A google.ca"
"44","148.290362","10.152.152.11","10.152.152.10","DNS","73","Standard query 0xb10f A www.google.ca"
"45","148.290583","10.152.152.11","10.152.152.10","DNS","79","Standard query 0xccf3 A accounts.google.com"
"46","148.803621","10.152.152.10","10.152.152.11","DNS","85","Standard query response 0xcaff A google.ca A 173.194.40.111"
"47","148.804537","10.152.152.11","10.152.152.10","DNS","80","Standard query 0xf991 A accounts.youtube.com"
"48","148.956832","10.152.152.10","10.152.152.11","DNS","95","Standard query response 0xccf3 A accounts.google.com A 216.58.208.205"
"49","148.957111","10.152.152.11","10.152.152.10","DNS","86","Standard query 0x998c A android.clients.google.com"
"50","149.112978","10.152.152.10","10.152.152.11","DNS","89","Standard query response 0xb10f A www.google.ca A 74.125.136.94"
"51","149.113931","10.152.152.11","10.152.152.10","DNS","79","Standard query 0x3f46 A clients4.google.com"
"52","149.278414","10.152.152.10","10.152.152.11","DNS","96","Standard query response 0xf991 A accounts.youtube.com A 173.194.40.100"
"53","149.278681","10.152.152.11","10.152.152.10","DNS","74","Standard query 0xa258 A www.google.com"
"54","149.434098","10.152.152.10","10.152.152.11","DNS","102","Standard query response 0x998c A android.clients.google.com A 216.58.208.206"
"55","149.434637","10.152.152.11","10.152.152.10","DNS","73","Standard query 0x4ba2 A www.google.de"
"56","149.588373","10.152.152.10","10.152.152.11","DNS","95","Standard query response 0x3f46 A clients4.google.com A 173.194.40.103"
"57","149.588684","10.152.152.11","10.152.152.10","DNS","78","Standard query 0x6b8a A www.googleapis.com"
"58","149.744429","10.152.152.10","10.152.152.11","DNS","90","Standard query response 0xa258 A www.google.com A 74.125.71.106"
"59","149.933489","10.152.152.10","10.152.152.11","DNS","89","Standard query response 0x4ba2 A www.google.de A 74.125.71.94"
"60","150.123783","10.152.152.10","10.152.152.11","DNS","94","Standard query response 0x6b8a A www.googleapis.com A 216.58.211.74"
"61","150.497280","10.152.152.11","10.152.152.10","DNS","92","Standard query 0x3e85 A conference.jabber.hot-chilli.net"
"62","150.741584","10.152.152.11","173.194.40.103","TCP","66","52701  >  443 [SYN] Seq=0 Win=14600 Len=0 MSS=1460 SACK_PERM=1 WS=16"
"63","150.742574","173.194.40.103","10.152.152.11","TCP","66","443  >  52701 [SYN, ACK] Seq=0 Ack=1 Win=14600 Len=0 MSS=1460 SACK_PERM=1 WS=16"
"64","150.742589","10.152.152.11","173.194.40.103","TCP","54","52701  >  443 [ACK] Seq=1 Ack=1 Win=14608 Len=0"
"65","150.752384","10.152.152.11","10.152.152.10","DNS","84","Standard query 0xeb1d A translate.googleapis.com"
"66","150.767486","10.152.152.11","173.194.40.103","TLSv1.1","218","Client Hello"
"67","150.768335","173.194.40.103","10.152.152.11","TCP","60","443  >  52701 [ACK] Seq=1 Ack=165 Win=15680 Len=0"
"68","151.059414","10.152.152.11","10.152.152.10","DNS","75","Standard query 0x684e A www.gstatic.com"
"69","151.132485","10.152.152.10","10.152.152.11","DNS","108","Standard query response 0x3e85 A conference.jabber.hot-chilli.net A 5.9.28.6"
"70","151.132507","173.194.40.103","10.152.152.11","TCP","552","443  >  52701 [PSH, ACK] Seq=1 Ack=165 Win=15680 Len=498 [TCP segment of a reassembled PDU]"
"71","151.132575","10.152.152.11","173.194.40.103","TCP","54","52701  >  443 [ACK] Seq=165 Ack=499 Win=15680 Len=0"
"72","151.133144","10.152.152.11","5.9.28.6","TCP","66","53586  >  5281 [SYN] Seq=0 Win=14600 Len=0 MSS=1460 SACK_PERM=1 WS=16"
"73","151.133621","5.9.28.6","10.152.152.11","TCP","66","5281  >  53586 [SYN, ACK] Seq=0 Ack=1 Win=14600 Len=0 MSS=1460 SACK_PERM=1 WS=16"
"74","151.133630","10.152.152.11","5.9.28.6","TCP","54","53586  >  5281 [ACK] Seq=1 Ack=1 Win=14608 Len=0"
"75","151.139754","10.152.152.11","5.9.28.6","TCP","66","53587  >  5281 [SYN] Seq=0 Win=14600 Len=0 MSS=1460 SACK_PERM=1 WS=16"
"76","151.141021","5.9.28.6","10.152.152.11","TCP","66","5281  >  53587 [SYN, ACK] Seq=0 Ack=1 Win=14600 Len=0 MSS=1460 SACK_PERM=1 WS=16"
"77","151.141043","10.152.152.11","5.9.28.6","TCP","54","53587  >  5281 [ACK] Seq=1 Ack=1 Win=14608 Len=0"
"78","151.150284","173.194.40.103","10.152.152.11","TLSv1.1","1514","Server Hello [TCP segment of a reassembled PDU]"
"79","151.150355","10.152.152.11","173.194.40.103","TCP","54","52701  >  443 [ACK] Seq=165 Ack=1959 Win=18592 Len=0"
"80","151.150388","173.194.40.103","10.152.152.11","TCP","1514","443  >  52701 [ACK] Seq=1959 Ack=165 Win=15680 Len=1460 [TCP segment of a reassembled PDU]"
"81","151.150419","10.152.152.11","173.194.40.103","TCP","54","52701  >  443 [ACK] Seq=165 Ack=3419 Win=21520 Len=0"
"82","151.150756","173.194.40.103","10.152.152.11","TCP","122","443  >  52701 [PSH, ACK] Seq=3419 Ack=165 Win=15680 Len=68 [TCP segment of a reassembled PDU]"
"83","151.150779","10.152.152.11","173.194.40.103","TCP","54","52701  >  443 [ACK] Seq=165 Ack=3487 Win=21520 Len=0"
"84","151.194279","173.194.40.103","10.152.152.11","TCP","552","443  >  52701 [PSH, ACK] Seq=3487 Ack=165 Win=15680 Len=498 [TCP segment of a reassembled PDU]"
"85","151.194359","10.152.152.11","173.194.40.103","TCP","54","52701  >  443 [ACK] Seq=165 Ack=3985 Win=24432 Len=0"
"86","151.195808","10.152.152.11","5.9.28.6","TLSv1.1","235","Client Hello"
"87","151.196006","10.152.152.11","5.9.28.6","TLSv1.1","235","Client Hello"
"88","151.196253","5.9.28.6","10.152.152.11","TCP","60","5281  >  53586 [ACK] Seq=1 Ack=182 Win=15680 Len=0"
"89","151.197187","5.9.28.6","10.152.152.11","TCP","60","5281  >  53587 [ACK] Seq=1 Ack=182 Win=15680 Len=0"
"90","151.288258","173.194.40.103","10.152.152.11","TLSv1.1","589","Certificate, Server Key Exchange, Server Hello Done"
"91","151.288285","10.152.152.11","173.194.40.103","TCP","54","52701  >  443 [ACK] Seq=165 Ack=4520 Win=27360 Len=0"
"92","151.432710","10.152.152.11","216.58.208.205","TCP","66","39226  >  443 [SYN] Seq=0 Win=14600 Len=0 MSS=1460 SACK_PERM=1 WS=16"
"93","151.433827","216.58.208.205","10.152.152.11","TCP","66","443  >  39226 [SYN, ACK] Seq=0 Ack=1 Win=14600 Len=0 MSS=1460 SACK_PERM=1 WS=16"
"94","151.433854","10.152.152.11","216.58.208.205","TCP","54","39226  >  443 [ACK] Seq=1 Ack=1 Win=14608 Len=0"
"95","151.475528","10.152.152.10","10.152.152.11","DNS","100","Standard query response 0xeb1d A translate.googleapis.com A 216.58.211.106"
"96","151.495380","10.152.152.11","173.194.40.103","TLSv1.1","204","Client Key Exchange, Change Cipher Spec, Encrypted Handshake Message"
"97","151.496080","10.152.152.11","216.58.211.106","TCP","66","51290  >  443 [SYN] Seq=0 Win=14600 Len=0 MSS=1460 SACK_PERM=1 WS=16"
"98","151.496085","173.194.40.103","10.152.152.11","TCP","60","443  >  52701 [ACK] Seq=4520 Ack=315 Win=16752 Len=0"
"99","151.496085","216.58.211.106","10.152.152.11","TCP","66","443  >  51290 [SYN, ACK] Seq=0 Ack=1 Win=14600 Len=0 MSS=1460 SACK_PERM=1 WS=16"
"100","151.496085","10.152.152.11","216.58.211.106","TCP","54","51290  >  443 [ACK] Seq=1 Ack=1 Win=14608 Len=0"
"101","151.497125","10.152.152.11","216.58.208.205","TCP","66","39228  >  443 [SYN] Seq=0 Win=14600 Len=0 MSS=1460 SACK_PERM=1 WS=16"
"102","151.497444","216.58.208.205","10.152.152.11","TCP","66","443  >  39228 [SYN, ACK] Seq=0 Ack=1 Win=14600 Len=0 MSS=1460 SACK_PERM=1 WS=16"
"103","151.497520","10.152.152.11","216.58.208.205","TCP","54","39228  >  443 [ACK] Seq=1 Ack=1 Win=14608 Len=0"
"104","151.504451","10.152.152.11","216.58.208.205","TLSv1.1","218","Client Hello"
"105","151.504671","216.58.208.205","10.152.152.11","TCP","60","443  >  39226 [ACK] Seq=1 Ack=165 Win=15680 Len=0"
"106","151.504797","10.152.152.11","216.58.211.106","TLSv1.1","223","Client Hello"
"107","151.504930","10.152.152.11","216.58.208.205","TLSv1.1","218","Client Hello"
"108","151.505591","216.58.211.106","10.152.152.11","TCP","60","443  >  51290 [ACK] Seq=1 Ack=170 Win=15680 Len=0"
"109","151.505598","216.58.208.205","10.152.152.11","TCP","60","443  >  39228 [ACK] Seq=1 Ack=165 Win=15680 Len=0"
"110","151.639312","10.152.152.10","10.152.152.11","DNS","91","Standard query response 0x684e A www.gstatic.com A 173.194.40.111"
"111","151.640445","10.152.152.11","173.194.40.111","TCP","66","59838  >  443 [SYN] Seq=0 Win=14600 Len=0 MSS=1460 SACK_PERM=1 WS=16"
"112","151.641300","173.194.40.111","10.152.152.11","TCP","66","443  >  59838 [SYN, ACK] Seq=0 Ack=1 Win=14600 Len=0 MSS=1460 SACK_PERM=1 WS=16"
"113","151.641314","10.152.152.11","173.194.40.111","TCP","54","59838  >  443 [ACK] Seq=1 Ack=1 Win=14608 Len=0"
"114","151.642518","10.152.152.11","173.194.40.111","TLSv1.1","218","Client Hello"
"115","151.642876","173.194.40.111","10.152.152.11","TCP","60","443  >  59838 [ACK] Seq=1 Ack=165 Win=15680 Len=0"
"116","151.744620","173.194.40.103","10.152.152.11","TLSv1.1","478","New Session Ticket, Change Cipher Spec, Encrypted Handshake Message, Application Data, Application Data"
"117","151.744743","10.152.152.11","173.194.40.103","TCP","54","52701  >  443 [ACK] Seq=315 Ack=4944 Win=30272 Len=0"
"118","151.778750","216.58.208.205","10.152.152.11","TLSv1.1","552","Server Hello"
"119","151.778770","10.152.152.11","216.58.208.205","TCP","54","39228  >  443 [ACK] Seq=165 Ack=499 Win=15680 Len=0"
"120","151.788865","216.58.208.205","10.152.152.11","TCP","1514","443  >  39228 [ACK] Seq=499 Ack=165 Win=15680 Len=1460 [TCP segment of a reassembled PDU]"
"121","151.789046","10.152.152.11","216.58.208.205","TCP","54","39228  >  443 [ACK] Seq=165 Ack=1959 Win=18592 Len=0"
"122","151.789087","216.58.208.205","10.152.152.11","TLSv1.1","1514","Certificate [TCP segment of a reassembled PDU]"
"123","151.789131","10.152.152.11","216.58.208.205","TCP","54","39228  >  443 [ACK] Seq=165 Ack=3419 Win=21520 Len=0"
"124","151.789161","216.58.208.205","10.152.152.11","TLSv1.1","175","Server Key Exchange, Server Hello Done"
"125","151.789198","10.152.152.11","216.58.208.205","TCP","54","39228  >  443 [ACK] Seq=165 Ack=3540 Win=21520 Len=0"
"126","151.790204","216.58.208.205","10.152.152.11","TLSv1.1","1514","Server Hello"
"127","151.790230","10.152.152.11","216.58.208.205","TCP","54","39226  >  443 [ACK] Seq=165 Ack=1461 Win=17520 Len=0"
"128","151.790249","216.58.208.205","10.152.152.11","TCP","1514","443  >  39226 [ACK] Seq=1461 Ack=165 Win=15680 Len=1460 [TCP segment of a reassembled PDU]"
"129","151.790260","10.152.152.11","216.58.208.205","TCP","54","39226  >  443 [ACK] Seq=165 Ack=2921 Win=20448 Len=0"
"130","151.790282","216.58.208.205","10.152.152.11","TLSv1.1","620","Certificate [TCP segment of a reassembled PDU]"
"131","151.790292","10.152.152.11","216.58.208.205","TCP","54","39226  >  443 [ACK] Seq=165 Ack=3487 Win=23360 Len=0"
"132","151.831588","10.152.152.11","216.58.208.205","TLSv1.1","204","Client Key Exchange, Change Cipher Spec, Encrypted Handshake Message"
"133","151.832182","216.58.208.205","10.152.152.11","TCP","60","443  >  39228 [ACK] Seq=3540 Ack=315 Win=16752 Len=0"
"134","151.834135","10.152.152.11","173.194.40.103","TLSv1.1","139","Application Data"
"135","151.834431","10.152.152.11","173.194.40.103","TLSv1.1","123","Application Data"
"136","151.834639","173.194.40.103","10.152.152.11","TCP","60","443  >  52701 [ACK] Seq=4944 Ack=400 Win=16752 Len=0"
"137","151.834646","173.194.40.103","10.152.152.11","TCP","60","443  >  52701 [ACK] Seq=4944 Ack=469 Win=16752 Len=0"
"138","151.835102","10.152.152.11","173.194.40.103","TLSv1.1","395","Application Data"
"139","151.835357","173.194.40.103","10.152.152.11","TCP","60","443  >  52701 [ACK] Seq=4944 Ack=810 Win=17824 Len=0"
"140","151.838671","216.58.208.205","10.152.152.11","TLSv1.1","107","Server Key Exchange, Server Hello Done"
"141","151.838684","10.152.152.11","216.58.208.205","TCP","54","39226  >  443 [ACK] Seq=165 Ack=3540 Win=23360 Len=0"
"142","151.838703","216.58.211.106","10.152.152.11","TLSv1.1","552","Server Hello"
"143","151.838716","10.152.152.11","216.58.211.106","TCP","54","51290  >  443 [ACK] Seq=170 Ack=499 Win=15680 Len=0"
"144","151.861205","10.152.152.11","216.58.208.205","TLSv1.1","204","Client Key Exchange, Change Cipher Spec, Encrypted Handshake Message"
"145","151.862385","216.58.208.205","10.152.152.11","TCP","60","443  >  39226 [ACK] Seq=3540 Ack=315 Win=16752 Len=0"
"146","151.928782","216.58.211.106","10.152.152.11","TCP","1514","443  >  51290 [ACK] Seq=499 Ack=170 Win=15680 Len=1460 [TCP segment of a reassembled PDU]"
"147","151.928814","10.152.152.11","216.58.211.106","TCP","54","51290  >  443 [ACK] Seq=170 Ack=1959 Win=18592 Len=0"
"148","151.928837","216.58.211.106","10.152.152.11","TLSv1.1","1514","Certificate [TCP segment of a reassembled PDU]"
"149","151.928879","10.152.152.11","216.58.211.106","TCP","54","51290  >  443 [ACK] Seq=170 Ack=3419 Win=21520 Len=0"
"150","151.928901","216.58.211.106","10.152.152.11","TLSv1.1","235","Server Key Exchange, Server Hello Done"
"151","151.928904","10.152.152.11","216.58.211.106","TCP","54","51290  >  443 [ACK] Seq=170 Ack=3600 Win=24432 Len=0"
"152","151.937045","10.152.152.11","10.152.152.10","DNS","76","Standard query 0x1cfe A mtalk.google.com"
"153","151.960068","10.152.152.11","216.58.211.106","TLSv1.1","204","Client Key Exchange, Change Cipher Spec, Encrypted Handshake Message"
"154","151.960532","216.58.211.106","10.152.152.11","TCP","60","443  >  51290 [ACK] Seq=3600 Ack=320 Win=16752 Len=0"
"155","151.998418","173.194.40.111","10.152.152.11","TCP","552","443  >  59838 [PSH, ACK] Seq=1 Ack=165 Win=15680 Len=498 [TCP segment of a reassembled PDU]"
"156","151.998459","10.152.152.11","173.194.40.111","TCP","54","59838  >  443 [ACK] Seq=165 Ack=499 Win=15680 Len=0"
"157","152.007262","173.194.40.111","10.152.152.11","TLSv1.1","1484","Server Hello [TCP segment of a reassembled PDU]"
"158","152.007277","10.152.152.11","173.194.40.111","TCP","54","59838  >  443 [ACK] Seq=165 Ack=1929 Win=18592 Len=0"
"159","152.106711","173.194.40.111","10.152.152.11","TCP","1514","443  >  59838 [ACK] Seq=1929 Ack=165 Win=15680 Len=1460 [TCP segment of a reassembled PDU]"
"160","152.106811","10.152.152.11","173.194.40.111","TCP","54","59838  >  443 [ACK] Seq=165 Ack=3389 Win=21520 Len=0"
"161","152.106849","173.194.40.111","10.152.152.11","TLSv1.1","1190","Certificate, Server Key Exchange, Server Hello Done"
"162","152.106891","10.152.152.11","173.194.40.111","TCP","54","59838  >  443 [ACK] Seq=165 Ack=4525 Win=24432 Len=0"
"163","152.205036","10.152.152.11","173.194.40.111","TLSv1.1","332","Client Key Exchange, Change Cipher Spec, Encrypted Handshake Message"
"164","152.206347","173.194.40.111","10.152.152.11","TCP","60","443  >  59838 [ACK] Seq=4525 Ack=443 Win=16752 Len=0"
"165","152.272844","216.58.208.205","10.152.152.11","TLSv1.1","478","New Session Ticket, Change Cipher Spec, Encrypted Handshake Message, Application Data, Application Data"
"166","152.272879","10.152.152.11","216.58.208.205","TCP","54","39228  >  443 [ACK] Seq=315 Ack=3964 Win=24432 Len=0"
"167","152.272895","173.194.40.103","10.152.152.11","TLSv1.1","405","Application Data, Application Data, Application Data"
"168","152.272900","10.152.152.11","173.194.40.103","TCP","54","52701  >  443 [ACK] Seq=810 Ack=5295 Win=33200 Len=0"
"169","152.277489","216.58.208.205","10.152.152.11","TLSv1.1","478","New Session Ticket, Change Cipher Spec, Encrypted Handshake Message, Application Data, Application Data"
"170","152.277501","216.58.211.106","10.152.152.11","TLSv1.1","340","New Session Ticket, Change Cipher Spec, Encrypted Handshake Message"
"171","152.277873","10.152.152.11","173.194.40.103","TLSv1.1","123","Application Data"
"172","152.278441","173.194.40.103","10.152.152.11","TCP","60","443  >  52701 [ACK] Seq=5295 Ack=879 Win=17824 Len=0"
"173","152.293332","10.152.152.11","216.58.208.205","TLSv1.1","139","Application Data"
"174","152.293661","10.152.152.11","216.58.208.205","TLSv1.1","123","Application Data"
"175","152.294057","216.58.208.205","10.152.152.11","TCP","60","443  >  39228 [ACK] Seq=3964 Ack=400 Win=16752 Len=0"
"176","152.294057","216.58.208.205","10.152.152.11","TCP","60","443  >  39228 [ACK] Seq=3964 Ack=469 Win=16752 Len=0"
"177","152.294485","10.152.152.11","216.58.208.205","TLSv1.1","139","Application Data"
"178","152.294695","216.58.208.205","10.152.152.11","TCP","60","443  >  39228 [ACK] Seq=3964 Ack=554 Win=16752 Len=0"
"179","152.295203","10.152.152.11","216.58.208.205","TLSv1.1","395","Application Data"
"180","152.295495","10.152.152.11","216.58.211.106","TLSv1.1","139","Application Data"
"181","152.295509","216.58.208.205","10.152.152.11","TCP","60","443  >  39228 [ACK] Seq=3964 Ack=895 Win=17824 Len=0"
"182","152.296214","216.58.211.106","10.152.152.11","TCP","60","443  >  51290 [ACK] Seq=3886 Ack=405 Win=16752 Len=0"
"183","152.296398","10.152.152.11","216.58.208.205","TLSv1.1","203","Application Data"
"184","152.296530","216.58.208.205","10.152.152.11","TCP","60","443  >  39228 [ACK] Seq=3964 Ack=1044 Win=18896 Len=0"
"185","152.296639","10.152.152.11","216.58.211.106","TLSv1.1","123","Application Data"
"186","152.297048","216.58.211.106","10.152.152.11","TCP","60","443  >  51290 [ACK] Seq=3886 Ack=474 Win=16752 Len=0"
"187","152.297155","10.152.152.11","216.58.208.205","TLSv1.1","331","Application Data"
"188","152.297281","10.152.152.11","216.58.211.106","TLSv1.1","411","Application Data"
"189","152.297485","216.58.208.205","10.152.152.11","TCP","60","443  >  39228 [ACK] Seq=3964 Ack=1321 Win=19968 Len=0"
"190","152.297693","216.58.211.106","10.152.152.11","TCP","60","443  >  51290 [ACK] Seq=3886 Ack=831 Win=17824 Len=0"
"191","152.315595","10.152.152.11","216.58.208.205","TCP","54","39226  >  443 [ACK] Seq=315 Ack=3964 Win=26288 Len=0"
"192","152.419634","216.58.211.106","10.152.152.11","TLSv1.1","208","Application Data, Application Data"
"193","152.460090","10.152.152.11","216.58.211.106","TCP","54","51290  >  443 [ACK] Seq=831 Ack=4040 Win=30272 Len=0"
"194","152.498190","10.152.152.10","10.152.152.11","DNS","92","Standard query response 0x1cfe A mtalk.google.com A 64.233.167.188"
"195","152.498285","173.194.40.111","10.152.152.11","TLSv1.1","372","New Session Ticket, Change Cipher Spec, Encrypted Handshake Message"
"196","152.498305","10.152.152.11","173.194.40.111","TCP","54","59838  >  443 [ACK] Seq=443 Ack=4843 Win=27360 Len=0"
"197","152.498879","10.152.152.11","64.233.167.188","TCP","66","58480  >  5228 [SYN] Seq=0 Win=14600 Len=0 MSS=1460 SACK_PERM=1 WS=16"
"198","152.499100","64.233.167.188","10.152.152.11","TCP","66","5228  >  58480 [SYN, ACK] Seq=0 Ack=1 Win=14600 Len=0 MSS=1460 SACK_PERM=1 WS=16"
"199","152.499111","10.152.152.11","64.233.167.188","TCP","54","58480  >  5228 [ACK] Seq=1 Ack=1 Win=14608 Len=0"
"200","152.504504","10.152.152.11","64.233.167.188","TLSv1.1","191","Client Hello"
"201","152.505343","64.233.167.188","10.152.152.11","TCP","60","5228  >  58480 [ACK] Seq=1 Ack=138 Win=15680 Len=0"
"202","152.514458","10.152.152.11","173.194.40.111","TLSv1.1","139","Application Data"
"203","152.514722","10.152.152.11","173.194.40.111","TLSv1.1","123","Application Data"
"204","152.515016","173.194.40.111","10.152.152.11","TCP","60","443  >  59838 [ACK] Seq=4843 Ack=528 Win=16752 Len=0"
"205","152.515105","173.194.40.111","10.152.152.11","TCP","60","443  >  59838 [ACK] Seq=4843 Ack=597 Win=16752 Len=0"
"206","152.515339","10.152.152.11","173.194.40.111","TLSv1.1","347","Application Data"
"207","152.515652","173.194.40.111","10.152.152.11","TCP","60","443  >  59838 [ACK] Seq=4843 Ack=890 Win=17824 Len=0"
"208","152.577014","173.194.40.111","10.152.152.11","TLSv1.1","208","Application Data, Application Data"
"209","152.615610","10.152.152.11","173.194.40.111","TCP","54","59838  >  443 [ACK] Seq=890 Ack=4997 Win=30272 Len=0"
"210","152.679171","216.58.208.205","10.152.152.11","TLSv1.1","552","Application Data"
"211","152.679867","216.58.211.106","10.152.152.11","TLSv1.1","363","Application Data"
"212","152.679868","10.152.152.11","216.58.211.106","TCP","54","51290  >  443 [ACK] Seq=831 Ack=4349 Win=33200 Len=0"
"213","152.708181","216.58.211.106","10.152.152.11","TLSv1.1","944","Application Data, Application Data"
"214","152.708197","10.152.152.11","216.58.211.106","TCP","54","51290  >  443 [ACK] Seq=831 Ack=5239 Win=36112 Len=0"
"215","152.710524","10.152.152.11","216.58.211.106","TLSv1.1","123","Application Data"
"216","152.711600","216.58.211.106","10.152.152.11","TCP","60","443  >  51290 [ACK] Seq=5239 Ack=900 Win=17824 Len=0"
"217","152.716307","10.152.152.11","216.58.208.205","TCP","54","39228  >  443 [ACK] Seq=1321 Ack=4462 Win=27360 Len=0"
"218","152.717500","216.58.208.205","10.152.152.11","TLSv1.1","728","Application Data, Application Data, Application Data"
"219","152.717522","10.152.152.11","216.58.208.205","TCP","54","39228  >  443 [ACK] Seq=1321 Ack=5136 Win=30272 Len=0"
"220","152.718583","10.152.152.11","216.58.208.205","TLSv1.1","123","Application Data"
"221","152.719108","216.58.208.205","10.152.152.11","TCP","60","443  >  39228 [ACK] Seq=5136 Ack=1390 Win=19968 Len=0"
"222","152.750939","216.58.208.205","10.152.152.11","TLSv1.1","949","Application Data, Application Data, Application Data"
"223","152.751394","64.233.167.188","10.152.152.11","TCP","552","5228  >  58480 [PSH, ACK] Seq=1 Ack=138 Win=15680 Len=498 [TCP segment of a reassembled PDU]"
"224","152.751419","10.152.152.11","64.233.167.188","TCP","54","58480  >  5228 [ACK] Seq=138 Ack=499 Win=15680 Len=0"
"225","152.758558","10.152.152.11","216.58.208.205","TLSv1.1","123","Application Data"
"226","152.764170","64.233.167.188","10.152.152.11","TLSv1.1","1514","Server Hello [TCP segment of a reassembled PDU]"
"227","152.764181","10.152.152.11","64.233.167.188","TCP","54","58480  >  5228 [ACK] Seq=138 Ack=1959 Win=18592 Len=0"
"228","152.764197","64.233.167.188","10.152.152.11","TCP","1514","5228  >  58480 [ACK] Seq=1959 Ack=138 Win=15680 Len=1460 [TCP segment of a reassembled PDU]"
"229","152.764202","10.152.152.11","64.233.167.188","TCP","54","58480  >  5228 [ACK] Seq=138 Ack=3419 Win=21520 Len=0"
"230","152.764757","64.233.167.188","10.152.152.11","TCP","620","5228  >  58480 [PSH, ACK] Seq=3419 Ack=138 Win=15680 Len=566 [TCP segment of a reassembled PDU]"
"231","152.764762","10.152.152.11","64.233.167.188","TCP","54","58480  >  5228 [ACK] Seq=138 Ack=3985 Win=24432 Len=0"
"232","152.797391","216.58.208.205","10.152.152.11","TCP","60","443  >  39228 [ACK] Seq=6031 Ack=1459 Win=19968 Len=0"
"233","152.843482","64.233.167.188","10.152.152.11","TLSv1.1","577","Certificate, Server Key Exchange, Server Hello Done"
"234","152.843502","10.152.152.11","64.233.167.188","TCP","54","58480  >  5228 [ACK] Seq=138 Ack=4508 Win=27360 Len=0"
"235","152.872270","173.194.40.111","10.152.152.11","TLSv1.1","781","Application Data"
"236","152.872303","10.152.152.11","173.194.40.111","TCP","54","59838  >  443 [ACK] Seq=890 Ack=5724 Win=33200 Len=0"
"237","152.872653","173.194.40.111","10.152.152.11","TLSv1.1","1187","Application Data, Application Data, Application Data"
"238","152.872653","10.152.152.11","173.194.40.111","TCP","54","59838  >  443 [ACK] Seq=890 Ack=6857 Win=36112 Len=0"
"239","152.874670","10.152.152.11","173.194.40.111","TLSv1.1","123","Application Data"
"240","152.875095","173.194.40.111","10.152.152.11","TCP","60","443  >  59838 [ACK] Seq=6857 Ack=959 Win=17824 Len=0"
"241","152.962055","10.152.152.11","173.194.40.100","TCP","66","41230  >  443 [SYN] Seq=0 Win=14600 Len=0 MSS=1460 SACK_PERM=1 WS=16"
"242","152.963022","173.194.40.100","10.152.152.11","TCP","66","443  >  41230 [SYN, ACK] Seq=0 Ack=1 Win=14600 Len=0 MSS=1460 SACK_PERM=1 WS=16"
"243","152.963105","10.152.152.11","173.194.40.100","TCP","54","41230  >  443 [ACK] Seq=1 Ack=1 Win=14608 Len=0"
"244","152.976715","10.152.152.11","173.194.40.100","GQUIC","1392","Client Hello, PKN: 1, CID: 4266862150884656650"
"245","152.978078","5.9.28.6","10.152.152.11","TLSv1.1","552","Server Hello"
"246","152.978105","10.152.152.11","5.9.28.6","TCP","54","53587  >  5281 [ACK] Seq=182 Ack=499 Win=15680 Len=0"
"247","152.978788","10.152.152.11","216.58.211.74","TCP","66","40594  >  443 [SYN] Seq=0 Win=14600 Len=0 MSS=1460 SACK_PERM=1 WS=16"
"248","152.979389","216.58.211.74","10.152.152.11","TCP","66","443  >  40594 [SYN, ACK] Seq=0 Ack=1 Win=14600 Len=0 MSS=1460 SACK_PERM=1 WS=16"
"249","152.979401","10.152.152.11","216.58.211.74","TCP","54","40594  >  443 [ACK] Seq=1 Ack=1 Win=14608 Len=0"
"250","152.999078","5.9.28.6","10.152.152.11","TCP","1514","5281  >  53587 [ACK] Seq=499 Ack=182 Win=15680 Len=1460 [TCP segment of a reassembled PDU]"
"251","152.999097","10.152.152.11","5.9.28.6","TCP","54","53587  >  5281 [ACK] Seq=182 Ack=1959 Win=18592 Len=0"
"252","152.999114","5.9.28.6","10.152.152.11","TLSv1.1","1514","Certificate [TCP segment of a reassembled PDU]"
"253","152.999119","10.152.152.11","5.9.28.6","TCP","54","53587  >  5281 [ACK] Seq=182 Ack=3419 Win=21520 Len=0"
"254","152.999132","5.9.28.6","10.152.152.11","TLSv1.1","386","Server Key Exchange, Server Hello Done"
"255","152.999134","10.152.152.11","5.9.28.6","TCP","54","53587  >  5281 [ACK] Seq=182 Ack=3751 Win=24432 Len=0"
"256","153.046243","5.9.28.6","10.152.152.11","TLSv1.1","1514","Server Hello"
"257","153.046342","10.152.152.11","5.9.28.6","TCP","54","53586  >  5281 [ACK] Seq=182 Ack=1461 Win=17520 Len=0"
"258","153.046359","5.9.28.6","10.152.152.11","TCP","1514","5281  >  53586 [ACK] Seq=1461 Ack=182 Win=15680 Len=1460 [TCP segment of a reassembled PDU]"
"259","153.046362","10.152.152.11","5.9.28.6","TCP","54","53586  >  5281 [ACK] Seq=182 Ack=2921 Win=20448 Len=0"
"260","153.046392","5.9.28.6","10.152.152.11","TLSv1.1","884","Certificate, Server Key Exchange, Server Hello Done"
"261","153.046401","10.152.152.11","5.9.28.6","TCP","54","53586  >  5281 [ACK] Seq=182 Ack=3751 Win=23360 Len=0"
"262","153.114648","10.152.152.11","64.233.167.188","TLSv1.1","332","Client Key Exchange, Change Cipher Spec, Encrypted Handshake Message"
"263","153.115731","64.233.167.188","10.152.152.11","TCP","60","5228  >  58480 [ACK] Seq=4508 Ack=416 Win=16752 Len=0"
"264","153.142156","10.152.152.11","173.194.40.100","GQUIC","1392","Client Hello, PKN: 2, CID: 4266862150884656650"
"265","153.187814","10.152.152.11","216.58.211.74","TCP","66","40595  >  443 [SYN] Seq=0 Win=14600 Len=0 MSS=1460 SACK_PERM=1 WS=16"
"266","153.188694","216.58.211.74","10.152.152.11","TCP","66","443  >  40595 [SYN, ACK] Seq=0 Ack=1 Win=14600 Len=0 MSS=1460 SACK_PERM=1 WS=16"
"267","153.188717","10.152.152.11","216.58.211.74","TCP","54","40595  >  443 [ACK] Seq=1 Ack=1 Win=14608 Len=0"
"268","153.194275","10.152.152.11","216.58.211.74","GQUIC","1392","Client Hello, PKN: 1, CID: 17105691898462567747"
"269","153.232143","10.152.152.11","5.9.28.6","TLSv1.1","236","Client Key Exchange, Change Cipher Spec, Encrypted Handshake Message"
"270","153.232737","5.9.28.6","10.152.152.11","TCP","60","5281  >  53586 [ACK] Seq=3751 Ack=364 Win=16752 Len=0"
"271","153.232836","10.152.152.11","173.194.40.100","TLSv1.1","219","Client Hello"
"272","153.233395","173.194.40.100","10.152.152.11","TCP","60","443  >  41230 [ACK] Seq=1 Ack=166 Win=15680 Len=0"
"273","153.310117","10.152.152.11","5.9.28.6","TLSv1.1","236","Client Key Exchange, Change Cipher Spec, Encrypted Handshake Message"
"274","153.312441","5.9.28.6","10.152.152.11","TCP","60","5281  >  53587 [ACK] Seq=3751 Ack=364 Win=16752 Len=0"
"275","153.319740","10.152.152.11","216.58.211.74","TLSv1.1","217","Client Hello"
"276","153.320093","10.152.152.11","216.58.211.74","TLSv1","217","Client Hello"
"277","153.320555","216.58.211.74","10.152.152.11","TCP","60","443  >  40594 [ACK] Seq=1 Ack=164 Win=15680 Len=0"
"278","153.320642","216.58.211.74","10.152.152.11","TCP","60","443  >  40595 [ACK] Seq=1 Ack=164 Win=15680 Len=0"
"279","153.346880","10.152.152.11","216.58.211.74","GQUIC","1392","Client Hello, PKN: 2, CID: 17105691898462567747"
"280","153.420309","64.233.167.188","10.152.152.11","TLSv1.1","372","New Session Ticket, Change Cipher Spec, Encrypted Handshake Message"
"281","153.420490","10.152.152.11","64.233.167.188","TCP","54","58480  >  5228 [ACK] Seq=416 Ack=4826 Win=30272 Len=0"
"282","153.528225","10.152.152.11","173.194.40.100","GQUIC","1392","Client Hello, PKN: 3, CID: 4266862150884656650"
"283","153.529596","10.152.152.11","64.233.167.188","TLSv1.1","251","Application Data"
"284","153.530547","64.233.167.188","10.152.152.11","TCP","60","5228  >  58480 [ACK] Seq=4826 Ack=613 Win=17824 Len=0"
"285","153.564710","5.9.28.6","10.152.152.11","TLSv1.1","336","New Session Ticket, Change Cipher Spec, Encrypted Handshake Message"
"286","153.564821","10.152.152.11","5.9.28.6","TCP","54","53586  >  5281 [ACK] Seq=364 Ack=4033 Win=26288 Len=0"
"287","153.583774","173.194.40.100","10.152.152.11","TCP","552","443  >  41230 [PSH, ACK] Seq=1 Ack=166 Win=15680 Len=498 [TCP segment of a reassembled PDU]"
"288","153.583774","10.152.152.11","173.194.40.100","TCP","54","41230  >  443 [ACK] Seq=166 Ack=499 Win=15680 Len=0"
"289","153.587275","10.152.152.11","5.9.28.6","TCP","54","53586  >  5281 [FIN, ACK] Seq=364 Ack=4033 Win=26288 Len=0"
"290","153.588221","5.9.28.6","10.152.152.11","TCP","60","5281  >  53586 [FIN, ACK] Seq=4033 Ack=365 Win=16752 Len=0"
"291","153.588295","10.152.152.11","5.9.28.6","TCP","54","53586  >  5281 [ACK] Seq=365 Ack=4034 Win=26288 Len=0"
"292","153.620981","10.152.152.11","64.233.167.188","TCP","54","58480  >  5228 [FIN, ACK] Seq=613 Ack=4826 Win=30272 Len=0"
"293","153.622499","64.233.167.188","10.152.152.11","TCP","60","5228  >  58480 [FIN, ACK] Seq=4826 Ack=614 Win=17824 Len=0"
"294","153.622560","10.152.152.11","64.233.167.188","TCP","54","58480  >  5228 [ACK] Seq=614 Ack=4827 Win=30272 Len=0"
"295","153.639865","173.194.40.100","10.152.152.11","TLSv1.1","1514","Server Hello [TCP segment of a reassembled PDU]"
"296","153.639865","10.152.152.11","173.194.40.100","TCP","54","41230  >  443 [ACK] Seq=166 Ack=1959 Win=18592 Len=0"
"297","153.639865","173.194.40.100","10.152.152.11","TCP","1514","443  >  41230 [ACK] Seq=1959 Ack=166 Win=15680 Len=1460 [TCP segment of a reassembled PDU]"
"298","153.639865","10.152.152.11","173.194.40.100","TCP","54","41230  >  443 [ACK] Seq=166 Ack=3419 Win=21520 Len=0"
"299","153.639865","173.194.40.100","10.152.152.11","TLSv1.1","1154","Certificate, Server Key Exchange, Server Hello Done"
"300","153.639865","10.152.152.11","173.194.40.100","TCP","54","41230  >  443 [ACK] Seq=166 Ack=4519 Win=24432 Len=0"
"301","153.647049","5.9.28.6","10.152.152.11","TLSv1.1","336","New Session Ticket, Change Cipher Spec, Encrypted Handshake Message"
"302","153.647077","10.152.152.11","5.9.28.6","TCP","54","53587  >  5281 [ACK] Seq=364 Ack=4033 Win=27360 Len=0"
"303","153.647147","216.58.211.74","10.152.152.11","TCP","552","443  >  40594 [PSH, ACK] Seq=1 Ack=164 Win=15680 Len=498 [TCP segment of a reassembled PDU]"
"304","153.647201","10.152.152.11","216.58.211.74","TCP","54","40594  >  443 [ACK] Seq=164 Ack=499 Win=15680 Len=0"
"305","153.649499","10.152.152.11","216.58.211.74","GQUIC","1392","Client Hello, PKN: 3, CID: 17105691898462567747"
"306","153.678940","10.152.152.11","216.58.208.205","TCP","54","39228  >  443 [FIN, ACK] Seq=1459 Ack=6031 Win=33200 Len=0"
"307","153.679763","216.58.208.205","10.152.152.11","TCP","60","443  >  39228 [FIN, ACK] Seq=6031 Ack=1460 Win=19968 Len=0"
"308","153.679773","10.152.152.11","216.58.208.205","TCP","54","39228  >  443 [ACK] Seq=1460 Ack=6032 Win=33200 Len=0"
"309","153.679798","216.58.211.74","10.152.152.11","TLSv1.1","1514","Server Hello [TCP segment of a reassembled PDU]"
"310","153.679812","10.152.152.11","216.58.211.74","TCP","54","40594  >  443 [ACK] Seq=164 Ack=1959 Win=18592 Len=0"
"311","153.679827","216.58.211.74","10.152.152.11","TCP","1514","443  >  40594 [ACK] Seq=1959 Ack=164 Win=15680 Len=1460 [TCP segment of a reassembled PDU]"
"312","153.679831","10.152.152.11","216.58.211.74","TCP","54","40594  >  443 [ACK] Seq=164 Ack=3419 Win=21520 Len=0"
"313","153.679843","216.58.211.74","10.152.152.11","TLSv1.1","620","Certificate [TCP segment of a reassembled PDU]"
"314","153.679846","10.152.152.11","216.58.211.74","TCP","54","40594  >  443 [ACK] Seq=164 Ack=3985 Win=24432 Len=0"
"315","153.681397","10.152.152.11","173.194.40.100","TCP","54","41230  >  443 [FIN, ACK] Seq=166 Ack=4519 Win=24432 Len=0"
"316","153.681511","10.152.152.11","216.58.211.74","TCP","54","40595  >  443 [FIN, ACK] Seq=164 Ack=1 Win=14608 Len=0"
"317","153.681986","10.152.152.11","5.9.28.6","TCP","54","53587  >  5281 [FIN, ACK] Seq=364 Ack=4033 Win=27360 Len=0"
"318","153.682409","173.194.40.100","10.152.152.11","TCP","60","443  >  41230 [FIN, ACK] Seq=4519 Ack=167 Win=15680 Len=0"
"319","153.682422","10.152.152.11","173.194.40.100","TCP","54","41230  >  443 [ACK] Seq=167 Ack=4520 Win=24432 Len=0"
"320","153.682438","216.58.211.74","10.152.152.11","TCP","60","443  >  40595 [FIN, ACK] Seq=1 Ack=165 Win=15680 Len=0"
"321","153.682449","10.152.152.11","216.58.211.74","TCP","54","40595  >  443 [ACK] Seq=165 Ack=2 Win=14608 Len=0"
"322","153.682598","10.152.152.11","216.58.208.205","TCP","54","39226  >  443 [FIN, ACK] Seq=315 Ack=3964 Win=26288 Len=0"
"323","153.683370","5.9.28.6","10.152.152.11","TCP","60","5281  >  53587 [FIN, ACK] Seq=4033 Ack=365 Win=16752 Len=0"
"324","153.683377","10.152.152.11","5.9.28.6","TCP","54","53587  >  5281 [ACK] Seq=365 Ack=4034 Win=27360 Len=0"
"325","153.683392","216.58.208.205","10.152.152.11","TCP","60","443  >  39226 [FIN, ACK] Seq=3964 Ack=316 Win=16752 Len=0"
"326","153.683396","10.152.152.11","216.58.208.205","TCP","54","39226  >  443 [ACK] Seq=316 Ack=3965 Win=26288 Len=0"
"327","153.697774","216.58.211.74","10.152.152.11","TLSv1.1","275","Server Key Exchange, Server Hello Done"
"328","153.697792","10.152.152.11","216.58.211.74","TCP","54","40594  >  443 [ACK] Seq=164 Ack=4206 Win=27360 Len=0"
"329","153.730564","10.152.152.11","173.194.40.103","TCP","54","52701  >  443 [FIN, ACK] Seq=879 Ack=5295 Win=33200 Len=0"
"330","153.731866","173.194.40.103","10.152.152.11","TCP","60","443  >  52701 [FIN, ACK] Seq=5295 Ack=880 Win=17824 Len=0"
"331","153.731866","10.152.152.11","173.194.40.103","TCP","54","52701  >  443 [ACK] Seq=880 Ack=5296 Win=33200 Len=0"
"332","153.739086","10.152.152.11","216.58.211.106","TCP","54","51290  >  443 [FIN, ACK] Seq=900 Ack=5239 Win=36112 Len=0"
"333","153.739564","216.58.211.106","10.152.152.11","TCP","60","443  >  51290 [FIN, ACK] Seq=5239 Ack=901 Win=17824 Len=0"
"334","153.739583","10.152.152.11","216.58.211.106","TCP","54","51290  >  443 [ACK] Seq=901 Ack=5240 Win=36112 Len=0"
"335","153.740924","10.152.152.11","173.194.40.111","TCP","54","59838  >  443 [FIN, ACK] Seq=959 Ack=6857 Win=36112 Len=0"
"336","153.741438","173.194.40.111","10.152.152.11","TCP","60","443  >  59838 [FIN, ACK] Seq=6857 Ack=960 Win=17824 Len=0"
"337","153.741446","10.152.152.11","173.194.40.111","TCP","54","59838  >  443 [ACK] Seq=960 Ack=6858 Win=36112 Len=0"
"338","153.749893","10.152.152.11","216.58.211.74","TCP","54","40594  >  443 [FIN, ACK] Seq=164 Ack=4206 Win=27360 Len=0"
"339","153.751316","216.58.211.74","10.152.152.11","TCP","60","443  >  40594 [FIN, ACK] Seq=4206 Ack=165 Win=15680 Len=0"
"340","153.751345","10.152.152.11","216.58.211.74","TCP","54","40594  >  443 [ACK] Seq=165 Ack=4207 Win=27360 Len=0"
"341","156.094963","5.9.28.6","10.152.152.11","TCP","552","5222  >  56283 [PSH, ACK] Seq=5112 Ack=2036 Win=2640 Len=498 [TCP segment of a reassembled PDU]"
"342","156.095000","10.152.152.11","5.9.28.6","TCP","54","56283  >  5222 [ACK] Seq=2036 Ack=5610 Win=4920 Len=0"
"343","156.284769","5.9.28.6","10.152.152.11","TCP","297","5222  >  56283 [PSH, ACK] Seq=5610 Ack=2036 Win=2640 Len=243 [TCP segment of a reassembled PDU]"
"344","156.284787","10.152.152.11","5.9.28.6","TCP","54","56283  >  5222 [ACK] Seq=2036 Ack=5853 Win=4920 Len=0"
"345","158.851926","10.152.152.11","5.9.28.6","TCP","459","56283  >  5222 [PSH, ACK] Seq=2036 Ack=5853 Win=4920 Len=405 [TCP segment of a reassembled PDU]"
"346","158.853052","5.9.28.6","10.152.152.11","TCP","60","5222  >  56283 [ACK] Seq=5853 Ack=2441 Win=2640 Len=0"
"347","159.051670","5.9.28.6","10.152.152.11","TCP","539","5222  >  56283 [PSH, ACK] Seq=5853 Ack=2441 Win=2640 Len=485 [TCP segment of a reassembled PDU]"
"348","159.051690","10.152.152.11","5.9.28.6","TCP","54","56283  >  5222 [ACK] Seq=2441 Ack=6338 Win=4920 Len=0"
"349","177.344039","5.9.28.6","10.152.152.11","TCP","539","5222  >  56283 [PSH, ACK] Seq=6338 Ack=2441 Win=2640 Len=485 [TCP segment of a reassembled PDU]"
"350","177.344326","10.152.152.11","5.9.28.6","TCP","54","56283  >  5222 [ACK] Seq=2441 Ack=6823 Win=4920 Len=0"
"351","178.937036","10.152.152.11","5.9.28.6","TCP","459","56283  >  5222 [PSH, ACK] Seq=2441 Ack=6823 Win=4920 Len=405 [TCP segment of a reassembled PDU]"
"352","178.937371","5.9.28.6","10.152.152.11","TCP","60","5222  >  56283 [ACK] Seq=6823 Ack=2846 Win=2640 Len=0"
"353","179.170446","5.9.28.6","10.152.152.11","TCP","539","5222  >  56283 [PSH, ACK] Seq=6823 Ack=2846 Win=2640 Len=485 [TCP segment of a reassembled PDU]"
"354","179.170471","10.152.152.11","5.9.28.6","TCP","54","56283  >  5222 [ACK] Seq=2846 Ack=7308 Win=4920 Len=0"
"355","192.433832","5.9.28.6","10.152.152.11","TCP","552","5222  >  56283 [PSH, ACK] Seq=7308 Ack=2846 Win=2640 Len=498 [TCP segment of a reassembled PDU]"
"356","192.433860","10.152.152.11","5.9.28.6","TCP","54","56283  >  5222 [ACK] Seq=2846 Ack=7806 Win=4920 Len=0"
"357","192.623397","5.9.28.6","10.152.152.11","TCP","297","5222  >  56283 [PSH, ACK] Seq=7806 Ack=2846 Win=2640 Len=243 [TCP segment of a reassembled PDU]"
"358","192.623419","10.152.152.11","5.9.28.6","TCP","54","56283  >  5222 [ACK] Seq=2846 Ack=8049 Win=4920 Len=0"
"359","194.458379","10.152.152.11","5.9.28.6","TCP","459","56283  >  5222 [PSH, ACK] Seq=2846 Ack=8049 Win=4920 Len=405 [TCP segment of a reassembled PDU]"
"360","194.459276","5.9.28.6","10.152.152.11","TCP","60","5222  >  56283 [ACK] Seq=8049 Ack=3251 Win=2640 Len=0"
"361","194.721957","5.9.28.6","10.152.152.11","TCP","539","5222  >  56283 [PSH, ACK] Seq=8049 Ack=3251 Win=2640 Len=485 [TCP segment of a reassembled PDU]"
"362","194.721980","10.152.152.11","5.9.28.6","TCP","54","56283  >  5222 [ACK] Seq=3251 Ack=8534 Win=4920 Len=0"
"363","214.590347","5.9.28.6","10.152.152.11","TCP","552","5222  >  56283 [PSH, ACK] Seq=8534 Ack=3251 Win=2640 Len=498 [TCP segment of a reassembled PDU]"
"364","214.590368","10.152.152.11","5.9.28.6","TCP","54","56283  >  5222 [ACK] Seq=3251 Ack=9032 Win=4920 Len=0"
"365","214.781401","5.9.28.6","10.152.152.11","TCP","297","5222  >  56283 [PSH, ACK] Seq=9032 Ack=3251 Win=2640 Len=243 [TCP segment of a reassembled PDU]"
"366","214.781484","10.152.152.11","5.9.28.6","TCP","54","56283  >  5222 [ACK] Seq=3251 Ack=9275 Win=4920 Len=0"
"367","216.639264","10.152.152.11","5.9.28.6","TCP","459","56283  >  5222 [PSH, ACK] Seq=3251 Ack=9275 Win=4920 Len=405 [TCP segment of a reassembled PDU]"
"368","216.639677","5.9.28.6","10.152.152.11","TCP","60","5222  >  56283 [ACK] Seq=9275 Ack=3656 Win=2640 Len=0"
"369","217.111935","5.9.28.6","10.152.152.11","TCP","539","5222  >  56283 [PSH, ACK] Seq=9275 Ack=3656 Win=2640 Len=485 [TCP segment of a reassembled PDU]"
"370","217.111960","10.152.152.11","5.9.28.6","TCP","54","56283  >  5222 [ACK] Seq=3656 Ack=9760 Win=4920 Len=0"
"371","221.770071","5.9.28.6","10.152.152.11","TCP","539","5222  >  56283 [PSH, ACK] Seq=9760 Ack=3656 Win=2640 Len=485 [TCP segment of a reassembled PDU]"
"372","221.770089","10.152.152.11","5.9.28.6","TCP","54","56283  >  5222 [ACK] Seq=3656 Ack=10245 Win=4920 Len=0"
"373","223.954259","10.152.152.11","5.9.28.6","TCP","459","56283  >  5222 [PSH, ACK] Seq=3656 Ack=10245 Win=4920 Len=405 [TCP segment of a reassembled PDU]"
"374","223.955045","5.9.28.6","10.152.152.11","TCP","60","5222  >  56283 [ACK] Seq=10245 Ack=4061 Win=2640 Len=0"
"375","224.152385","5.9.28.6","10.152.152.11","TCP","539","5222  >  56283 [PSH, ACK] Seq=10245 Ack=4061 Win=2640 Len=485 [TCP segment of a reassembled PDU]"
"376","224.152421","10.152.152.11","5.9.28.6","TCP","54","56283  >  5222 [ACK] Seq=4061 Ack=10730 Win=4920 Len=0"
"377","224.342021","5.9.28.6","10.152.152.11","TCP","539","5222  >  56283 [PSH, ACK] Seq=10730 Ack=4061 Win=2640 Len=485 [TCP segment of a reassembled PDU]"
"378","224.342045","10.152.152.11","5.9.28.6","TCP","54","56283  >  5222 [ACK] Seq=4061 Ack=11215 Win=4920 Len=0"
"379","225.909056","5.9.28.6","10.152.152.11","TCP","539","5222  >  56283 [PSH, ACK] Seq=11215 Ack=4061 Win=2640 Len=485 [TCP segment of a reassembled PDU]"
"380","225.909076","10.152.152.11","5.9.28.6","TCP","54","56283  >  5222 [ACK] Seq=4061 Ack=11700 Win=4920 Len=0"
"381","227.169169","10.152.152.11","5.9.28.6","TCP","459","56283  >  5222 [PSH, ACK] Seq=4061 Ack=11700 Win=4920 Len=405 [TCP segment of a reassembled PDU]"
"382","227.169941","5.9.28.6","10.152.152.11","TCP","60","5222  >  56283 [ACK] Seq=11700 Ack=4466 Win=2640 Len=0"
"383","227.389326","5.9.28.6","10.152.152.11","TCP","539","5222  >  56283 [PSH, ACK] Seq=11700 Ack=4466 Win=2640 Len=485 [TCP segment of a reassembled PDU]"
"384","227.389349","10.152.152.11","5.9.28.6","TCP","54","56283  >  5222 [ACK] Seq=4466 Ack=12185 Win=4920 Len=0"
"385","228.385564","10.152.152.11","5.9.28.6","TCP","459","56283  >  5222 [PSH, ACK] Seq=4466 Ack=12185 Win=4920 Len=405 [TCP segment of a reassembled PDU]"
"386","228.386336","5.9.28.6","10.152.152.11","TCP","60","5222  >  56283 [ACK] Seq=12185 Ack=4871 Win=2640 Len=0"
"387","228.605715","5.9.28.6","10.152.152.11","XMPP/XML","539","UNKNOWN PACKET "
"388","228.605741","10.152.152.11","5.9.28.6","TCP","54","56283  >  5222 [ACK] Seq=4871 Ack=12670 Win=4920 Len=0"
"389","231.350496","5.9.28.6","10.152.152.11","TCP","552","5222  >  56283 [PSH, ACK] Seq=12670 Ack=4871 Win=2640 Len=498 [TCP segment of a reassembled PDU]"
"390","231.350514","10.152.152.11","5.9.28.6","TCP","54","56283  >  5222 [ACK] Seq=4871 Ack=13168 Win=4920 Len=0"
"391","231.540677","5.9.28.6","10.152.152.11","TCP","297","5222  >  56283 [PSH, ACK] Seq=13168 Ack=4871 Win=2640 Len=243 [TCP segment of a reassembled PDU]"
"392","231.540697","10.152.152.11","5.9.28.6","TCP","54","56283  >  5222 [ACK] Seq=4871 Ack=13411 Win=4920 Len=0"
"393","235.332886","5.9.28.6","10.152.152.11","TCP","552","5222  >  56283 [PSH, ACK] Seq=13411 Ack=4871 Win=2640 Len=498 [TCP segment of a reassembled PDU]"
"394","235.332913","10.152.152.11","5.9.28.6","TCP","54","56283  >  5222 [ACK] Seq=4871 Ack=13909 Win=4920 Len=0"
"395","235.522587","5.9.28.6","10.152.152.11","TCP","281","5222  >  56283 [PSH, ACK] Seq=13909 Ack=4871 Win=2640 Len=227 [TCP segment of a reassembled PDU]"
"396","235.522609","10.152.152.11","5.9.28.6","TCP","54","56283  >  5222 [ACK] Seq=4871 Ack=14136 Win=4920 Len=0"
"397","236.130955","10.152.152.11","5.9.28.6","TCP","459","56283  >  5222 [PSH, ACK] Seq=4871 Ack=14136 Win=4920 Len=405 [TCP segment of a reassembled PDU]"
"398","236.132400","5.9.28.6","10.152.152.11","TCP","60","5222  >  56283 [ACK] Seq=14136 Ack=5276 Win=2640 Len=0"
"399","236.345808","5.9.28.6","10.152.152.11","TCP","539","5222  >  56283 [PSH, ACK] Seq=14136 Ack=5276 Win=2640 Len=485 [TCP segment of a reassembled PDU]"
"400","236.345832","10.152.152.11","5.9.28.6","TCP","54","56283  >  5222 [ACK] Seq=5276 Ack=14621 Win=4920 Len=0"
"401","237.251072","10.152.152.11","5.9.28.6","TCP","459","56283  >  5222 [PSH, ACK] Seq=5276 Ack=14621 Win=4920 Len=405 [TCP segment of a reassembled PDU]"
"402","237.251860","5.9.28.6","10.152.152.11","TCP","60","5222  >  56283 [ACK] Seq=14621 Ack=5681 Win=2640 Len=0"
"403","237.478131","5.9.28.6","10.152.152.11","TCP","539","5222  >  56283 [PSH, ACK] Seq=14621 Ack=5681 Win=2640 Len=485 [TCP segment of a reassembled PDU]"
"404","237.478173","10.152.152.11","5.9.28.6","TCP","54","56283  >  5222 [ACK] Seq=5681 Ack=15106 Win=4920 Len=0"
"405","238.675709","10.152.152.11","5.9.28.6","TCP","459","56283  >  5222 [PSH, ACK] Seq=5681 Ack=15106 Win=4920 Len=405 [TCP segment of a reassembled PDU]"
"406","238.677039","5.9.28.6","10.152.152.11","TCP","60","5222  >  56283 [ACK] Seq=15106 Ack=6086 Win=2640 Len=0"
"407","238.935082","5.9.28.6","10.152.152.11","TCP","539","5222  >  56283 [PSH, ACK] Seq=15106 Ack=6086 Win=2640 Len=485 [TCP segment of a reassembled PDU]"
"408","238.935104","10.152.152.11","5.9.28.6","TCP","54","56283  >  5222 [ACK] Seq=6086 Ack=15591 Win=4920 Len=0"
"409","239.129553","5.9.28.6","10.152.152.11","TCP","779","5222  >  56283 [PSH, ACK] Seq=15591 Ack=6086 Win=2640 Len=725 [TCP segment of a reassembled PDU]"
"410","239.129570","10.152.152.11","5.9.28.6","TCP","54","56283  >  5222 [ACK] Seq=6086 Ack=16316 Win=4920 Len=0"
"411","239.284193","10.152.152.11","5.9.28.6","TCP","459","56283  >  5222 [PSH, ACK] Seq=6086 Ack=16316 Win=4920 Len=405 [TCP segment of a reassembled PDU]"
"412","239.284510","5.9.28.6","10.152.152.11","TCP","60","5222  >  56283 [ACK] Seq=16316 Ack=6491 Win=2640 Len=0"
"413","239.570059","5.9.28.6","10.152.152.11","TCP","539","5222  >  56283 [PSH, ACK] Seq=16316 Ack=6491 Win=2640 Len=485 [TCP segment of a reassembled PDU]"
"414","239.570081","10.152.152.11","5.9.28.6","TCP","54","56283  >  5222 [ACK] Seq=6491 Ack=16801 Win=4920 Len=0"
"415","243.043388","5.9.28.6","10.152.152.11","TCP","552","5222  >  56283 [PSH, ACK] Seq=16801 Ack=6491 Win=2640 Len=498 [TCP segment of a reassembled PDU]"
"416","243.043410","10.152.152.11","5.9.28.6","TCP","54","56283  >  5222 [ACK] Seq=6491 Ack=17299 Win=4920 Len=0"
"417","243.233770","5.9.28.6","10.152.152.11","TCP","281","5222  >  56283 [PSH, ACK] Seq=17299 Ack=6491 Win=2640 Len=227 [TCP segment of a reassembled PDU]"
"418","243.233789","10.152.152.11","5.9.28.6","TCP","54","56283  >  5222 [ACK] Seq=6491 Ack=17526 Win=4920 Len=0"
"419","245.328241","5.9.28.6","10.152.152.11","TCP","539","5222  >  56283 [PSH, ACK] Seq=17526 Ack=6491 Win=2640 Len=485 [TCP segment of a reassembled PDU]"
"420","245.328260","10.152.152.11","5.9.28.6","TCP","54","56283  >  5222 [ACK] Seq=6491 Ack=18011 Win=4920 Len=0"
"421","251.608024","10.152.152.11","5.9.28.6","TCP","459","56283  >  5222 [PSH, ACK] Seq=6491 Ack=18011 Win=4920 Len=405 [TCP segment of a reassembled PDU]"
"422","251.609137","5.9.28.6","10.152.152.11","TCP","60","5222  >  56283 [ACK] Seq=18011 Ack=6896 Win=2640 Len=0"
"423","251.809204","5.9.28.6","10.152.152.11","XMPP/XML","539","UNKNOWN PACKET "
"424","251.809309","10.152.152.11","5.9.28.6","TCP","54","56283  >  5222 [ACK] Seq=6896 Ack=18496 Win=4920 Len=0"
"425","252.246054","10.152.152.11","5.9.28.6","TCP","459","56283  >  5222 [PSH, ACK] Seq=6896 Ack=18496 Win=4920 Len=405 [TCP segment of a reassembled PDU]"
"426","252.246361","5.9.28.6","10.152.152.11","TCP","60","5222  >  56283 [ACK] Seq=18496 Ack=7301 Win=2640 Len=0"
"427","252.453036","5.9.28.6","10.152.152.11","TCP","539","5222  >  56283 [PSH, ACK] Seq=18496 Ack=7301 Win=2640 Len=485 [TCP segment of a reassembled PDU]"
"428","252.453128","10.152.152.11","5.9.28.6","TCP","54","56283  >  5222 [ACK] Seq=7301 Ack=18981 Win=4920 Len=0"
"429","258.007997","5.9.28.6","10.152.152.11","TCP","552","5222  >  56283 [PSH, ACK] Seq=18981 Ack=7301 Win=2640 Len=498 [TCP segment of a reassembled PDU]"
"430","258.008167","10.152.152.11","5.9.28.6","TCP","54","56283  >  5222 [ACK] Seq=7301 Ack=19479 Win=4920 Len=0"
"431","258.197638","5.9.28.6","10.152.152.11","TCP","297","5222  >  56283 [PSH, ACK] Seq=19479 Ack=7301 Win=2640 Len=243 [TCP segment of a reassembled PDU]"
"432","258.197656","10.152.152.11","5.9.28.6","TCP","54","56283  >  5222 [ACK] Seq=7301 Ack=19722 Win=4920 Len=0"
"433","262.584164","10.152.152.11","5.9.28.6","TCP","459","56283  >  5222 [PSH, ACK] Seq=7301 Ack=19722 Win=4920 Len=405 [TCP segment of a reassembled PDU]"
"434","262.585449","5.9.28.6","10.152.152.11","TCP","60","5222  >  56283 [ACK] Seq=19722 Ack=7706 Win=2640 Len=0"
"435","262.784570","5.9.28.6","10.152.152.11","TCP","539","5222  >  56283 [PSH, ACK] Seq=19722 Ack=7706 Win=2640 Len=485 [TCP segment of a reassembled PDU]"
"436","262.784600","10.152.152.11","5.9.28.6","TCP","54","56283  >  5222 [ACK] Seq=7706 Ack=20207 Win=4920 Len=0"
"437","270.652668","5.9.28.6","10.152.152.11","TCP","552","5222  >  56283 [PSH, ACK] Seq=20207 Ack=7706 Win=2640 Len=498 [TCP segment of a reassembled PDU]"
"438","270.652691","10.152.152.11","5.9.28.6","TCP","54","56283  >  5222 [ACK] Seq=7706 Ack=20705 Win=4920 Len=0"
"439","270.841690","5.9.28.6","10.152.152.11","TCP","297","5222  >  56283 [PSH, ACK] Seq=20705 Ack=7706 Win=2640 Len=243 [TCP segment of a reassembled PDU]"
"440","270.841711","10.152.152.11","5.9.28.6","TCP","54","56283  >  5222 [ACK] Seq=7706 Ack=20948 Win=4920 Len=0"
"441","281.899750","10.152.152.11","5.9.28.6","TCP","459","56283  >  5222 [PSH, ACK] Seq=7706 Ack=20948 Win=4920 Len=405 [TCP segment of a reassembled PDU]"
"442","281.901669","5.9.28.6","10.152.152.11","TCP","60","5222  >  56283 [ACK] Seq=20948 Ack=8111 Win=2640 Len=0"
"443","282.107160","5.9.28.6","10.152.152.11","TCP","539","5222  >  56283 [PSH, ACK] Seq=20948 Ack=8111 Win=2640 Len=485 [TCP segment of a reassembled PDU]"
"444","282.107183","10.152.152.11","5.9.28.6","TCP","54","56283  >  5222 [ACK] Seq=8111 Ack=21433 Win=4920 Len=0"
"445","295.506999","5.9.28.6","10.152.152.11","TCP","552","5222  >  56283 [PSH, ACK] Seq=21433 Ack=8111 Win=2640 Len=498 [TCP segment of a reassembled PDU]"
"446","295.507019","10.152.152.11","5.9.28.6","TCP","54","56283  >  5222 [ACK] Seq=8111 Ack=21931 Win=4920 Len=0"
"447","295.696553","5.9.28.6","10.152.152.11","TCP","297","5222  >  56283 [PSH, ACK] Seq=21931 Ack=8111 Win=2640 Len=243 [TCP segment of a reassembled PDU]"
"448","295.696576","10.152.152.11","5.9.28.6","TCP","54","56283  >  5222 [ACK] Seq=8111 Ack=22174 Win=4920 Len=0"
"449","297.376111","10.152.152.11","5.9.28.6","TCP","459","56283  >  5222 [PSH, ACK] Seq=8111 Ack=22174 Win=4920 Len=405 [TCP segment of a reassembled PDU]"
"450","297.376631","5.9.28.6","10.152.152.11","TCP","60","5222  >  56283 [ACK] Seq=22174 Ack=8516 Win=2640 Len=0"
"451","297.582299","5.9.28.6","10.152.152.11","TCP","539","5222  >  56283 [PSH, ACK] Seq=22174 Ack=8516 Win=2640 Len=485 [TCP segment of a reassembled PDU]"
"452","297.582345","10.152.152.11","5.9.28.6","TCP","54","56283  >  5222 [ACK] Seq=8516 Ack=22659 Win=4920 Len=0"
"453","308.440397","5.9.28.6","10.152.152.11","TCP","552","5222  >  56283 [PSH, ACK] Seq=22659 Ack=8516 Win=2640 Len=498 [TCP segment of a reassembled PDU]"
"454","308.440418","10.152.152.11","5.9.28.6","TCP","54","56283  >  5222 [ACK] Seq=8516 Ack=23157 Win=4920 Len=0"
"455","308.629995","5.9.28.6","10.152.152.11","TCP","297","5222  >  56283 [PSH, ACK] Seq=23157 Ack=8516 Win=2640 Len=243 [TCP segment of a reassembled PDU]"
"456","308.630018","10.152.152.11","5.9.28.6","TCP","54","56283  >  5222 [ACK] Seq=8516 Ack=23400 Win=4920 Len=0"
"457","310.497469","10.152.152.11","5.9.28.6","TCP","459","56283  >  5222 [PSH, ACK] Seq=8516 Ack=23400 Win=4920 Len=405 [TCP segment of a reassembled PDU]"
"458","310.497962","5.9.28.6","10.152.152.11","TCP","60","5222  >  56283 [ACK] Seq=23400 Ack=8921 Win=2640 Len=0"
"459","310.697294","5.9.28.6","10.152.152.11","TCP","539","5222  >  56283 [PSH, ACK] Seq=23400 Ack=8921 Win=2640 Len=485 [TCP segment of a reassembled PDU]"
"460","310.697318","10.152.152.11","5.9.28.6","TCP","54","56283  >  5222 [ACK] Seq=8921 Ack=23885 Win=4920 Len=0"
"461","326.829419","5.9.28.6","10.152.152.11","TCP","552","5222  >  56283 [PSH, ACK] Seq=23885 Ack=8921 Win=2640 Len=498 [TCP segment of a reassembled PDU]"
"462","326.829472","10.152.152.11","5.9.28.6","TCP","54","56283  >  5222 [ACK] Seq=8921 Ack=24383 Win=4920 Len=0"
"463","327.018849","5.9.28.6","10.152.152.11","TCP","297","5222  >  56283 [PSH, ACK] Seq=24383 Ack=8921 Win=2640 Len=243 [TCP segment of a reassembled PDU]"
"464","327.018869","10.152.152.11","5.9.28.6","TCP","54","56283  >  5222 [ACK] Seq=8921 Ack=24626 Win=4920 Len=0"
"465","328.998069","10.152.152.11","5.9.28.6","TCP","459","56283  >  5222 [PSH, ACK] Seq=8921 Ack=24626 Win=4920 Len=405 [TCP segment of a reassembled PDU]"
"466","328.998720","5.9.28.6","10.152.152.11","TCP","60","5222  >  56283 [ACK] Seq=24626 Ack=9326 Win=2640 Len=0"
"467","329.413689","5.9.28.6","10.152.152.11","TCP","539","5222  >  56283 [PSH, ACK] Seq=24626 Ack=9326 Win=2640 Len=485 [TCP segment of a reassembled PDU]"
"468","329.413714","10.152.152.11","5.9.28.6","TCP","54","56283  >  5222 [ACK] Seq=9326 Ack=25111 Win=4920 Len=0"
"469","351.282354","5.9.28.6","10.152.152.11","TCP","552","5222  >  56283 [PSH, ACK] Seq=25111 Ack=9326 Win=2640 Len=498 [TCP segment of a reassembled PDU]"
"470","351.282403","10.152.152.11","5.9.28.6","TCP","54","56283  >  5222 [ACK] Seq=9326 Ack=25609 Win=4920 Len=0"
"471","351.472244","5.9.28.6","10.152.152.11","TCP","297","5222  >  56283 [PSH, ACK] Seq=25609 Ack=9326 Win=2640 Len=243 [TCP segment of a reassembled PDU]"
"472","351.472262","10.152.152.11","5.9.28.6","TCP","54","56283  >  5222 [ACK] Seq=9326 Ack=25852 Win=4920 Len=0"
"473","353.454140","10.152.152.11","5.9.28.6","TCP","459","56283  >  5222 [PSH, ACK] Seq=9326 Ack=25852 Win=4920 Len=405 [TCP segment of a reassembled PDU]"
"474","353.455006","5.9.28.6","10.152.152.11","TCP","60","5222  >  56283 [ACK] Seq=25852 Ack=9731 Win=2640 Len=0"
"475","353.676246","5.9.28.6","10.152.152.11","TCP","539","5222  >  56283 [PSH, ACK] Seq=25852 Ack=9731 Win=2640 Len=485 [TCP segment of a reassembled PDU]"
"476","353.676430","10.152.152.11","5.9.28.6","TCP","54","56283  >  5222 [ACK] Seq=9731 Ack=26337 Win=4920 Len=0"
"477","369.848726","5.9.28.6","10.152.152.11","TCP","552","5222  >  56283 [PSH, ACK] Seq=26337 Ack=9731 Win=2640 Len=498 [TCP segment of a reassembled PDU]"
"478","369.848767","10.152.152.11","5.9.28.6","TCP","54","56283  >  5222 [ACK] Seq=9731 Ack=26835 Win=4920 Len=0"
"479","370.038034","5.9.28.6","10.152.152.11","TCP","297","5222  >  56283 [PSH, ACK] Seq=26835 Ack=9731 Win=2640 Len=243 [TCP segment of a reassembled PDU]"
"480","370.038055","10.152.152.11","5.9.28.6","TCP","54","56283  >  5222 [ACK] Seq=9731 Ack=27078 Win=4920 Len=0"
"481","371.646692","10.152.152.11","5.9.28.6","TCP","459","56283  >  5222 [PSH, ACK] Seq=9731 Ack=27078 Win=4920 Len=405 [TCP segment of a reassembled PDU]"
"482","371.648014","5.9.28.6","10.152.152.11","TCP","60","5222  >  56283 [ACK] Seq=27078 Ack=10136 Win=2640 Len=0"
"483","371.848913","5.9.28.6","10.152.152.11","TCP","539","5222  >  56283 [PSH, ACK] Seq=27078 Ack=10136 Win=2640 Len=485 [TCP segment of a reassembled PDU]"
"484","371.848970","10.152.152.11","5.9.28.6","TCP","54","56283  >  5222 [ACK] Seq=10136 Ack=27563 Win=4920 Len=0"
"485","390.806825","5.9.28.6","10.152.152.11","TCP","552","5222  >  56283 [PSH, ACK] Seq=27563 Ack=10136 Win=2640 Len=498 [TCP segment of a reassembled PDU]"
"486","390.806868","10.152.152.11","5.9.28.6","TCP","54","56283  >  5222 [ACK] Seq=10136 Ack=28061 Win=4920 Len=0"
"487","390.995781","5.9.28.6","10.152.152.11","TCP","297","5222  >  56283 [PSH, ACK] Seq=28061 Ack=10136 Win=2640 Len=243 [TCP segment of a reassembled PDU]"
"488","390.995803","10.152.152.11","5.9.28.6","TCP","54","56283  >  5222 [ACK] Seq=10136 Ack=28304 Win=4920 Len=0"
"489","392.194707","10.152.152.11","5.9.28.6","TCP","459","56283  >  5222 [PSH, ACK] Seq=10136 Ack=28304 Win=4920 Len=405 [TCP segment of a reassembled PDU]"
"490","392.195031","5.9.28.6","10.152.152.11","TCP","60","5222  >  56283 [ACK] Seq=28304 Ack=10541 Win=2640 Len=0"
"491","392.416764","5.9.28.6","10.152.152.11","TCP","539","5222  >  56283 [PSH, ACK] Seq=28304 Ack=10541 Win=2640 Len=485 [TCP segment of a reassembled PDU]"
"492","392.416791","10.152.152.11","5.9.28.6","TCP","54","56283  >  5222 [ACK] Seq=10541 Ack=28789 Win=4920 Len=0"
"493","419.255675","5.9.28.6","10.152.152.11","TCP","552","5222  >  56283 [PSH, ACK] Seq=28789 Ack=10541 Win=2640 Len=498 [TCP segment of a reassembled PDU]"
"494","419.255732","10.152.152.11","5.9.28.6","TCP","54","56283  >  5222 [ACK] Seq=10541 Ack=29287 Win=4920 Len=0"
"495","419.446117","5.9.28.6","10.152.152.11","TCP","281","5222  >  56283 [PSH, ACK] Seq=29287 Ack=10541 Win=2640 Len=227 [TCP segment of a reassembled PDU]"
"496","419.446141","10.152.152.11","5.9.28.6","TCP","54","56283  >  5222 [ACK] Seq=10541 Ack=29514 Win=4920 Len=0"
"497","423.609424","10.152.152.11","5.9.28.6","TCP","715","56283  >  5222 [PSH, ACK] Seq=10541 Ack=29514 Win=4920 Len=661 [TCP segment of a reassembled PDU]"
"498","423.610069","5.9.28.6","10.152.152.11","TCP","60","5222  >  56283 [ACK] Seq=29514 Ack=11202 Win=2640 Len=0"
"499","423.896965","5.9.28.6","10.152.152.11","TCP","552","5222  >  56283 [PSH, ACK] Seq=29514 Ack=11202 Win=2640 Len=498 [TCP segment of a reassembled PDU]"
"500","423.896989","10.152.152.11","5.9.28.6","TCP","54","56283  >  5222 [ACK] Seq=11202 Ack=30012 Win=4920 Len=0"
"501","424.080707","5.9.28.6","10.152.152.11","TCP","281","5222  >  56283 [PSH, ACK] Seq=30012 Ack=11202 Win=2640 Len=227 [TCP segment of a reassembled PDU]"
"502","424.080728","10.152.152.11","5.9.28.6","TCP","54","56283  >  5222 [ACK] Seq=11202 Ack=30239 Win=4920 Len=0"
"503","429.121679","5.9.28.6","10.152.152.11","TCP","552","5222  >  56283 [PSH, ACK] Seq=30239 Ack=11202 Win=2640 Len=498 [TCP segment of a reassembled PDU]"
"504","429.121711","10.152.152.11","5.9.28.6","TCP","54","56283  >  5222 [ACK] Seq=11202 Ack=30737 Win=4920 Len=0"
"505","429.311973","5.9.28.6","10.152.152.11","TCP","297","5222  >  56283 [PSH, ACK] Seq=30737 Ack=11202 Win=2640 Len=243 [TCP segment of a reassembled PDU]"
"506","429.312002","10.152.152.11","5.9.28.6","TCP","54","56283  >  5222 [ACK] Seq=11202 Ack=30980 Win=4920 Len=0"
"507","431.579975","10.152.152.11","5.9.28.6","TCP","459","56283  >  5222 [PSH, ACK] Seq=11202 Ack=30980 Win=4920 Len=405 [TCP segment of a reassembled PDU]"
"508","431.580292","5.9.28.6","10.152.152.11","TCP","60","5222  >  56283 [ACK] Seq=30980 Ack=11607 Win=2640 Len=0"
"509","431.798391","5.9.28.6","10.152.152.11","TCP","539","5222  >  56283 [PSH, ACK] Seq=30980 Ack=11607 Win=2640 Len=485 [TCP segment of a reassembled PDU]"
"510","431.798542","10.152.152.11","5.9.28.6","TCP","54","56283  >  5222 [ACK] Seq=11607 Ack=31465 Win=4920 Len=0"
"511","434.412153","5.9.28.6","10.152.152.11","TCP","552","5222  >  56283 [PSH, ACK] Seq=31465 Ack=11607 Win=2640 Len=498 [TCP segment of a reassembled PDU]"
"512","434.412173","10.152.152.11","5.9.28.6","TCP","54","56283  >  5222 [ACK] Seq=11607 Ack=31963 Win=4920 Len=0"
"513","434.601254","5.9.28.6","10.152.152.11","TCP","281","5222  >  56283 [PSH, ACK] Seq=31963 Ack=11607 Win=2640 Len=227 [TCP segment of a reassembled PDU]"
"514","434.601274","10.152.152.11","5.9.28.6","TCP","54","56283  >  5222 [ACK] Seq=11607 Ack=32190 Win=4920 Len=0"
"515","437.500156","10.152.152.11","5.9.28.6","TCP","715","56283  >  5222 [PSH, ACK] Seq=11607 Ack=32190 Win=4920 Len=661 [TCP segment of a reassembled PDU]"
"516","437.501555","5.9.28.6","10.152.152.11","TCP","60","5222  >  56283 [ACK] Seq=32190 Ack=12268 Win=2640 Len=0"
"517","437.799194","5.9.28.6","10.152.152.11","TCP","552","5222  >  56283 [PSH, ACK] Seq=32190 Ack=12268 Win=2640 Len=498 [TCP segment of a reassembled PDU]"
"518","437.799216","10.152.152.11","5.9.28.6","TCP","54","56283  >  5222 [ACK] Seq=12268 Ack=32688 Win=4920 Len=0"
"519","437.982809","5.9.28.6","10.152.152.11","TCP","281","5222  >  56283 [PSH, ACK] Seq=32688 Ack=12268 Win=2640 Len=227 [TCP segment of a reassembled PDU]"
"520","437.982830","10.152.152.11","5.9.28.6","TCP","54","56283  >  5222 [ACK] Seq=12268 Ack=32915 Win=4920 Len=0"
"521","480.000079","10.152.152.11","5.9.28.6","TCP","171","56283  >  5222 [PSH, ACK] Seq=12268 Ack=32915 Win=4920 Len=117 [TCP segment of a reassembled PDU]"
"522","480.000658","5.9.28.6","10.152.152.11","TCP","60","5222  >  56283 [ACK] Seq=32915 Ack=12385 Win=2640 Len=0"
"523","480.225294","5.9.28.6","10.152.152.11","TCP","219","5222  >  56283 [PSH, ACK] Seq=32915 Ack=12385 Win=2640 Len=165 [TCP segment of a reassembled PDU]"
"524","480.225317","10.152.152.11","5.9.28.6","TCP","54","56283  >  5222 [ACK] Seq=12385 Ack=33080 Win=4920 Len=0"
"525","485.013155","PcsCompu_11:4d:b1","PcsCompu_78:57:ca","ARP","42","Who has 10.152.152.10? Tell 10.152.152.11"
"526","485.013511","PcsCompu_78:57:ca","PcsCompu_11:4d:b1","ARP","60","10.152.152.10 is at 08:00:27:78:57:ca"
"527","539.999527","10.152.152.11","5.9.28.6","TCP","171","56283  >  5222 [PSH, ACK] Seq=12385 Ack=33080 Win=4920 Len=117 [TCP segment of a reassembled PDU]"
"528","540.000133","5.9.28.6","10.152.152.11","TCP","60","5222  >  56283 [ACK] Seq=33080 Ack=12502 Win=2640 Len=0"
"529","540.202850","5.9.28.6","10.152.152.11","TCP","219","5222  >  56283 [PSH, ACK] Seq=33080 Ack=12502 Win=2640 Len=165 [TCP segment of a reassembled PDU]"
"530","540.202885","10.152.152.11","5.9.28.6","TCP","54","56283  >  5222 [ACK] Seq=12502 Ack=33245 Win=4920 Len=0"
"531","545.013289","PcsCompu_11:4d:b1","PcsCompu_78:57:ca","ARP","42","Who has 10.152.152.10? Tell 10.152.152.11"
"532","545.013578","PcsCompu_78:57:ca","PcsCompu_11:4d:b1","ARP","60","10.152.152.10 is at 08:00:27:78:57:ca"
